<?xml version="1.0" encoding="UTF-8"?>
<testcase>
	<testdata>
		<testcasedata>
			<entry>
				<key>browserName</key>
				<value>Chrome</value>
			</entry>
			<entry>
				<key>url</key>
				<value>https://raise.dev.e.abb.com/admin/metadata.action</value>
			</entry>
			<entry>
				<key>abb.root.loginud</key>
				<value>sezhiyan.navarasu@ch.abb.com#jxC2Gs6gW2xk</value>
			</entry>
		</testcasedata>
	</testdata>
	<teststeps>
		<!-- <step>
			<action>openBrowser</action>
			<arguments>
				<entry>
					<key>browserName</key>
					<value>Chrome</value>
				</entry>
			</arguments>
		</step>
		<step>
			<action>navigate</action>
			<arguments>
				<entry>
					<key>url</key>
					<value></value>
				</entry>
			</arguments>
		</step>
		<step>
			<action>loginABB</action>
			<arguments>
				<entry>
					<key>abb.root.loginud</key>
					<value></value>
				</entry>
			</arguments>
		</step>
		<step>
			<action>waitForPageload</action>
			<arguments>
				<entry>
					<key>data</key>
					<value>50</value>
				</entry>
			</arguments>
		</step> 
		<step>
			<action>click</action>
			<arguments>
				<entry>
					<key>abb.em</key>
					<value></value>
				</entry>
			</arguments>
		</step>
		<step>
			<action>waitForPageload</action>
			<arguments>
				<entry>
					<key>data</key>
					<value>10</value>
				</entry>
			</arguments>
		</step> 
		<step>
			<action>click</action>
			<arguments>
				<entry>
					<key>abb.et</key>
					<value></value>
				</entry>
			</arguments>
		</step>
		<step>
			<action>waitForPageload</action>
			<arguments>
				<entry>
					<key>data</key>
					<value>10</value>
				</entry>
			</arguments>
		</step>
		<step>
			<action>click</action>
			<arguments>
				<entry>
					<key>abb.et.add</key>
					<value></value>
				</entry>
			</arguments>
		</step>
		<step>
			<action>waitForPageload</action>
			<arguments>
				<entry>
					<key>data</key>
					<value>10</value>
				</entry>
			</arguments>
		</step>
		<step>
			<action>enterText</action>
			<arguments>
				<entry>
					<key>abb.et.familyname</key>
					<value>ABBD</value>
				</entry>
			</arguments>
		</step>
		<step>
			<action>click</action>
			<arguments>
				<entry>
					<key>abb.et.select.ef</key>
					<value></value>
				</entry>
			</arguments>
		</step>
		<step>
			<action>waitForPageload</action>
			<arguments>
				<entry>
					<key>data</key>
					<value>10</value>
				</entry>
			</arguments>
		</step>
		<step>
			<action>click</action>
			<arguments>
				<entry>
					<key>abb.et.click.ef</key>
					<value></value>
				</entry>
			</arguments>
		</step>
		<step>
			<action>click</action>
			<arguments>
				<entry>
					<key>abb.et.save</key>
					<value></value>
				</entry>
			</arguments>
		</step>
		<step>
			<action>waitForPageload</action>
			<arguments>
				<entry>
					<key>data</key>
					<value>5</value>
				</entry>
			</arguments>
		</step>
		<step>
			<action>verifyText</action>
			<arguments>
				<entry>
					<key>abb.et.verify</key>
					<value>Equipment type added successfully</value>
				</entry>
			</arguments>
		</step>
		<step>
			<action>waitForPageload</action>
			<arguments>
				<entry>
					<key>data</key>
					<value>10</value>
				</entry>
			</arguments>
		</step>
		<step>
			<action>click</action>
			<arguments>
				<entry>
					<key>abb.df.variable</key>
					<value></value>
				</entry>
			</arguments>
		</step>
		<step>
			<action>waitForPageload</action>
			<arguments>
				<entry>
					<key>data</key>
					<value>10</value>
				</entry>
			</arguments>
		</step>
		<step>
			<action>click</action>
			<arguments>
				<entry>
					<key>abb.df.var.add</key>
					<value></value>
				</entry>
			</arguments>
		</step>
		<step>
			<action>waitForPageload</action>
			<arguments>
				<entry>
					<key>data</key>
					<value>10</value>
				</entry>
			</arguments>
		</step>
		<step>
			<action>enterText</action>
			<arguments>
				<entry>
					<key>abb.df.var.name</key>
					<value>dtVar1</value>
				</entry>
			</arguments>
		</step>
		<step>
			<action>waitForPageload</action>
			<arguments>
				<entry>
					<key>data</key>
					<value>10</value>
				</entry>
			</arguments>
		</step>
		<step>
			<action>selectDropDownlist</action>
			<arguments>
				<entry>
					<key>abb.df.var.type</key>
					<value>EVENT</value>
				</entry>
			</arguments>
		</step>
		<step>
			<action>selectDropDownlist</action>
			<arguments>
				<entry>
					<key>abb.df.var.value</key>
					<value>Double</value>
				</entry>
			</arguments>
		</step>
		<step>
			<action>selectDropDownlist</action>
			<arguments>
				<entry>
					<key>abb.df.var.unit</key>
					<value>Volt</value>
				</entry>
			</arguments>
		</step>
		<step>
			<action>enterText</action>
			<arguments>
				<entry>
					<key>abb.df.var.valan</key>
					<value>dtattr1</value>
				</entry>
			</arguments>
		</step>
		<step>
			<action>selectDropDownlist</action>
			<arguments>
				<entry>
					<key>abb.df.var.valdt</key>
					<value>Double</value>
				</entry>
			</arguments>
		</step>
		<step>
			<action>click</action>
			<arguments>
				<entry>
					<key>abb.var.atribt.plus</key>
					<value></value>
				</entry>
			</arguments>
		</step>
		<step>
			<action>click</action>
			<arguments>
				<entry>
					<key>abb.var.var.varat</key>
					<value></value>
				</entry>
			</arguments>
		</step>
		<step>
			<action>enterText</action>
			<arguments>
				<entry>
					<key>abb.df.var.varan</key>
					<value>dtvaratt1</value>
				</entry>
			</arguments>
		</step>
		<step>
			<action>enterText</action>
			<arguments>
				<entry>
					<key>abb.df.var.varav</key>
					<value>dtvaratt1</value>
				</entry>
			</arguments>
		</step>
		<step>
			<action>click</action>
			<arguments>
				<entry>
					<key>abb.var.atribt.plus</key>
					<value></value>
				</entry>
			</arguments>
		</step>
		<step>
			<action>click</action>
			<arguments>
				<entry>
					<key>abb.df.var.save</key>
					<value></value>
				</entry>
			</arguments>
		</step>
		<step>
			<action>verifyText</action>
			<arguments>
				<entry>
					<key>abb.df.var.verify</key>
					<value>Variable added successfully</value>
				</entry>
			</arguments>
		</step> -->
		<step>
			<action>waitForPageload</action>
			<arguments>
				<entry>
					<key>data</key>
					<value>10</value>
				</entry>
			</arguments>
		</step>
		<step>
			<action>click</action>
			<arguments>
				<entry>
					<key>abb.df.var.del</key>
					<value></value>
				</entry>
			</arguments>
		</step>
		<step>
			<action>waitForPageload</action>
			<arguments>
				<entry>
					<key>data</key>
					<value>10</value>
				</entry>
			</arguments>
		</step>
		<step>
			<action>click</action>
			<arguments>
				<entry>
					<key>abb.df.var.del.confirm</key>
					<value></value>
				</entry>
			</arguments>
		</step>
		<step>
			<action>waitForPageload</action>
			<arguments>
				<entry>
					<key>data</key>
					<value>10</value>
				</entry>
			</arguments>
		</step>
		<step>
			<action>verifyText</action>
			<arguments>
				<entry>
					<key>abb.df.var.del.verify</key>
					<value>Variable deleted successfully</value>
				</entry>
			</arguments>
		</step>
		<!-- <step>
			<action>closeBrowser</action>
			<arguments>
				<entry>
					<key>closing.browser</key>
					<value></value>
				</entry>
			</arguments>
		</step> -->
	</teststeps>
</testcase>