<?xml version="1.0" encoding="UTF-8"?>
<testcase>
	<testdata>
		<testcasedata>
			<entry>
				<key>browserName</key>
				<value>Chrome</value>
			</entry>
			<entry>
				<key>url</key>
				<value>https://raise.dev.e.abb.com/admin/metadata.action</value>
			</entry>
			<entry>
				<key>abb.root.username</key>
				<value>sezhiyan.navarasu@ch.abb.com</value>
			</entry>
			<entry>
				<key>abb.root.password</key>
				<value>jxC2Gs6gW2xk</value>
			</entry>
		</testcasedata>
	</testdata>
	<teststeps>
		<!-- <step>
			<action>openBrowser</action>
			<arguments>
				<entry>
					<key>browserName</key>
					<value>Chrome</value>
				</entry>
			</arguments>
		</step>
		<step>
			<action>navigate</action>
			<arguments>
				<entry>
					<key>url</key>
					<value></value>
				</entry>
			</arguments>
		</step>
		<step>
			<action>enterText</action>
			<arguments>
				<entry>
					<key>abb.root.username</key>
					<value></value>
				</entry>
			</arguments>
		</step>
		<step>
			<action>enterText</action>
			<arguments>
				<entry>
					<key>abb.root.password</key>
					<value></value>
				</entry>
			</arguments>
		</step>
		<step>
			<action>click</action>
			<arguments>
				<entry>
					<key>abb.root.login</key>
					<value></value>
				</entry>
			</arguments>
		</step> -->
		<step>
			<action>waitForPageload</action>
			<arguments>
				<entry>
					<key>data</key>
					<value>10</value>
				</entry>
			</arguments>
		</step>
		<step>
			<action>click</action>
			<arguments>
				<entry>
					<key>abb.root.admin</key>
					<value></value>
				</entry>
			</arguments>
		</step>
		<step>
			<action>click</action>
			<arguments>
				<entry>
					<key>abb.bu</key>
					<value></value>
				</entry>
			</arguments>
		</step>
		<step>
			<action>waitForPageload</action>
			<arguments>
				<entry>
					<key>data</key>
					<value>20</value>
				</entry>
			</arguments>
		</step>
		<step>
			<action>click</action>
			<arguments>
				<entry>
					<key>abb.bu.add</key>
					<value></value>
				</entry>
			</arguments>
		</step>
		<step>
			<action>waitForPageload</action>
			<arguments>
				<entry>
					<key>data</key>
					<value>10</value>
				</entry>
			</arguments>
		</step>
		<step>
			<action>enterText</action>
			<arguments>
				<entry>
					<key>abb.bu.name</key>
					<value>ABBDEMO1</value>
				</entry>
			</arguments>
		</step>
		<step>
			<action>enterText</action>
			<arguments>
				<entry>
					<key>abb.bu.description</key>
					<value>RMRG</value>
				</entry>
			</arguments>
		</step>
		<step>
			<action>click</action>
			<arguments>
				<entry>
					<key>abb.bu.save1</key>
					<value></value>
				</entry>
			</arguments>
		</step>
		<step>
			<action>waitForPageload</action>
			<arguments>
				<entry>
					<key>data</key>
					<value>10</value>
				</entry>
			</arguments>
		</step>
		<!-- <step>
			<action>closeBrowser</action>
			<arguments>
				<entry>
					<key>closing.browser</key>
					<value></value>
				</entry>
			</arguments>
		</step> -->
	</teststeps>
</testcase>