<?xml version="1.0" encoding="UTF-8"?>
<testcase>
	<testdata>
		<testcasedata>
			<entry>
				<key>browserName</key>
				<value>Chrome</value>
			</entry>
			<entry>
				<key>url</key>
				<value>https://raise.dev.e.abb.com/admin/metadata.action</value>
			</entry>
			<entry>
				<key>abb.root.loginud</key>
				<value>Vijaya.s.raghavan@ch.abb.com#Welcome1</value>
			</entry>
		</testcasedata>
	</testdata>
	<teststeps>
		<!-- <step>
			<action>openBrowser</action>
			<arguments>
				<entry>
					<key>browserName</key>
					<value>Chrome</value>
				</entry>
			</arguments>
		</step>
		<step>
			<action>navigate</action>
			<arguments>
				<entry>
					<key>url</key>
					<value></value>
				</entry>
			</arguments>
		</step>
		<step>
			<action>loginABB</action>
			<arguments>
				<entry>
					<key>abb.root.loginud</key>
					<value></value>
				</entry>
			</arguments>
		</step>
		<step>
			<action>waitForPageload</action>
			<arguments>
				<entry>
					<key>data</key>
					<value>50</value>
				</entry>
			</arguments>
		</step>
		<step>
			<action>click</action>
			<arguments>
				<entry>
					<key>abb.em</key>
					<value></value>
				</entry>
			</arguments>
		</step>
		<step>
			<action>waitForPageload</action>
			<arguments>
				<entry>
					<key>data</key>
					<value>10</value>
				</entry>
			</arguments>
		</step>
		<step>
			<action>click</action>
			<arguments>
				<entry>
					<key>abb.instance</key>
					<value></value>
				</entry>
			</arguments>
		</step>
		<step>
			<action>waitForPageload</action>
			<arguments>
				<entry>
					<key>data</key>
					<value>10</value>
				</entry>
			</arguments>
		</step>
		<step>
			<action>click</action>
			<arguments>
				<entry>
					<key>abb.et.add</key>
					<value></value>
				</entry>
			</arguments>
		</step>
		<step>
			<action>waitForPageload</action>
			<arguments>
				<entry>
					<key>data</key>
					<value>10</value>
				</entry>
			</arguments>
		</step>
		<step>
			<action>enterText</action>
			<arguments>
				<entry>
					<key>abb.et.familyname</key>
					<value>0AA</value>
				</entry>
			</arguments>
		</step>
		<step>
			<action>click</action>
			<arguments>
				<entry>
					<key>abb.instance.select.customer</key>
					<value></value>
				</entry>
			</arguments>
		</step>
		<step>
			<action>enterText</action>
			<arguments>
				<entry>
					<key>abb.et.search.ef</key>
					<value>US Coast</value>
				</entry>
			</arguments>
		</step>
		<step>
			<action>click</action>
			<arguments>
				<entry>
					<key>abb.instance.click.customer</key>
					<value></value>
				</entry>
			</arguments>
		</step>
		<step>
			<action>waitForPageload</action>
			<arguments>
				<entry>
					<key>data</key>
					<value>5</value>
				</entry>
			</arguments>
		</step>
		<step>
			<action>click</action>
			<arguments>
				<entry>
					<key>abb.instance.select.loc</key>
					<value></value>
				</entry>
			</arguments>
		</step>
		<step>
			<action>enterText</action>
			<arguments>
				<entry>
					<key>abb.et.search.ef</key>
					<value>Seattle</value>
				</entry>
			</arguments>
		</step>
		<step>
			<action>click</action>
			<arguments>
				<entry>
					<key>abb.instance.click.loc</key>
					<value></value>
				</entry>
			</arguments>
		</step>
		<step>
			<action>click</action>
			<arguments>
				<entry>
					<key>abb.instance.select.emodel</key>
					<value></value>
				</entry>
			</arguments>
		</step>
		<step>
			<action>enterText</action>
			<arguments>
				<entry>
					<key>abb.et.search.ef</key>
					<value>ABB</value>
				</entry>
			</arguments>
		</step>
		<step>
			<action>click</action>
			<arguments>
				<entry>
					<key>abb.instance.click.emodel</key>
					<value></value>
				</entry>
			</arguments>
		</step>
		<step>
			<action>click</action>
			<arguments>
				<entry>
					<key>abb.et.save</key>
					<value></value>
				</entry>
			</arguments>
		</step>
		<step>
			<action>verifyText</action>
			<arguments>
				<entry>
					<key>abb.instance.verify</key>
					<value>Equipment instance added successfully</value>
				</entry>
			</arguments>
		</step> -->
		<!-- <step>
			<action>waitForPageload</action>
			<arguments>
				<entry>
					<key>data</key>
					<value>10</value>
				</entry>
			</arguments>
		</step>
		<step>
			<action>click</action>
			<arguments>
				<entry>
					<key>abb.df.cmd</key>
					<value></value>
				</entry>
			</arguments>
		</step>
		<step>
			<action>waitForPageload</action>
			<arguments>
				<entry>
					<key>data</key>
					<value>10</value>
				</entry>
			</arguments>
		</step>
		<step>
			<action>click</action>
			<arguments>
				<entry>
					<key>abb.df.cmd.add</key>
					<value></value>
				</entry>
			</arguments>
		</step>
		<step>
			<action>enterText</action>
			<arguments>
				<entry>
					<key>abb.df.cmd.name</key>
					<value>DIcmd1</value>
				</entry>
			</arguments>
		</step>
		<step>
			<action>enterText</action>
			<arguments>
				<entry>
					<key>abb.df.cmd.instr</key>
					<value>DIinstru</value>
				</entry>
			</arguments>
		</step>
		<step>
			<action>enterText</action>
			<arguments>
				<entry>
					<key>abb.df.cmd.par.name</key>
					<value>param</value>
				</entry>
			</arguments>
		</step>
		<step>
			<action>selectDropDownlist</action>
			<arguments>
				<entry>
					<key>abb.df.cmd.par.dt</key>
					<value>Double</value>
				</entry>
			</arguments>
		</step>
		<step>
			<action>click</action>
			<arguments>
				<entry>
					<key>abb.df.cmd.plus</key>
					<value></value>
				</entry>
			</arguments>
		</step>
		<step>
			<action>click</action>
			<arguments>
				<entry>
					<key>abb.df.cmd.save</key>
					<value></value>
				</entry>
			</arguments>
		</step>
		<step>
			<action>verifyText</action>
			<arguments>
				<entry>
					<key>abb.df.cmd.verify</key>
					<value>Command added successfully</value>
				</entry>
			</arguments>
		</step> -->
		<step>
			<action>waitForPageload</action>
			<arguments>
				<entry>
					<key>data</key>
					<value>10</value>
				</entry>
			</arguments>
		</step>
		<step>
			<action>click</action>
			<arguments>
				<entry>
					<key>abb.di.cmd.del</key>
					<value></value>
				</entry>
			</arguments>
		</step>
		<step>
			<action>waitForPageload</action>
			<arguments>
				<entry>
					<key>data</key>
					<value>10</value>
				</entry>
			</arguments>
		</step>
		<step>
			<action>click</action>
			<arguments>
				<entry>
					<key>abb.df.cmd.del.confirm</key>
					<value></value>
				</entry>
			</arguments>
		</step>
		<step>
			<action>waitForPageload</action>
			<arguments>
				<entry>
					<key>data</key>
					<value>20</value>
				</entry>
			</arguments>
		</step>
		<step>
			<action>verifyText</action>
			<arguments>
				<entry>
					<key>abb.df.cmd.verify</key>
					<value>Command deleted successfully</value>
				</entry>
			</arguments>
		</step>
		<!-- <step>
			<action>closeBrowser</action>
			<arguments>
				<entry>
					<key>closing.browser</key>
					<value></value>
				</entry>
			</arguments>
		</step> -->
	</teststeps>
</testcase>