<?xml version="1.0" encoding="UTF-8"?>
<testcase>
	<testdata>
		<testcasedata>
			<entry>
				<key>browserName</key>
				<value>Chrome</value>
			</entry>
			<entry>
				<key>url</key>
				<value>https://raise.dev.e.abb.com/admin/metadata.action</value>
			</entry>
			<entry>
				<key>abb.root.loginud</key>
				<value>Vijaya.s.raghavan@ch.abb.com#Welcome1</value>
			</entry>
		</testcasedata>
	</testdata>
	<teststeps>
		<!-- <step>
			<action>openBrowser</action>
			<arguments>
				<entry>
					<key>browserName</key>
					<value>Chrome</value>
				</entry>
			</arguments>
		</step>
		<step>
			<action>navigate</action>
			<arguments>
				<entry>
					<key>url</key>
					<value></value>
				</entry>
			</arguments>
		</step>
		<step>
			<action>loginABB</action>
			<arguments>
				<entry>
					<key>abb.root.loginud</key>
					<value></value>
				</entry>
			</arguments>
		</step>
		<step>
			<action>waitForPageload</action>
			<arguments>
				<entry>
					<key>data</key>
					<value>50</value>
				</entry>
			</arguments>
		</step>
		<step>
			<action>click</action>
			<arguments>
				<entry>
					<key>abb.em</key>
					<value></value>
				</entry>
			</arguments>
		</step> -->
		<step>
			<action>waitForPageload</action>
			<arguments>
				<entry>
					<key>data</key>
					<value>10</value>
				</entry>
			</arguments>
		</step>
		<step>
			<action>click</action>
			<arguments>
				<entry>
					<key>abb.edc</key>
					<value></value>
				</entry>
			</arguments>
		</step>
		<step>
			<action>waitForPageload</action>
			<arguments>
				<entry>
					<key>data</key>
					<value>10</value>
				</entry>
			</arguments>
		</step>
		<step>
			<action>enterText</action>
			<arguments>
				<entry>
					<key>abb.edc.search</key>
					<value>ABBDE</value>
				</entry>
			</arguments>
		</step>
		<step>
			<action>waitForPageload</action>
			<arguments>
				<entry>
					<key>data</key>
					<value>15</value>
				</entry>
			</arguments>
		</step>
		<step>
			<action>click</action>
			<arguments>
				<entry>
					<key>abb.edc.name</key>
					<value>abb.edc.radiobtn</value>
				</entry>
			</arguments>
		</step>
		<step>
			<action>click</action>
			<arguments>
				<entry>
					<key>abb.edc.upload</key>
					<value></value>
				</entry>
			</arguments>
		</step>
		<step>
			<action>waitForPageload</action>
			<arguments>
				<entry>
					<key>data</key>
					<value>10</value>
				</entry>
			</arguments>
		</step>
		<step>
			<action>verifyText</action>
			<arguments>
				<entry>
					<key>abb.edc.verify</key>
					<value>Certificate uploaded successfully</value>
				</entry>
			</arguments>
		</step>
	<!-- <step>
			<action>closeBrowser</action>
			<arguments>
				<entry>
					<key>closing.browser</key>
					<value></value>
				</entry>
			</arguments>
		</step> -->
	</teststeps>
</testcase>