<?xml version="1.0" encoding="UTF-8"?>
<testcase>
	<testdata>
		<testcasedata>
			<entry>
				<key>browserName</key>
				<value>Chrome</value>
			</entry>
			<entry>
				<key>url</key>
				<value>https://raise.dev.e.abb.com/admin/metadata.action</value>
			</entry>
		</testcasedata>
	</testdata>
	<teststeps>
		<step>
			<action>click</action>
			<arguments>
				<entry>
					<key>abb.logout</key>
					<value></value>
				</entry>
			</arguments>
		</step>
		<step>
			<action>waitForPageload</action>
			<arguments>
				<entry>
					<key>data</key>
					<value>10</value>
				</entry>
			</arguments>
		</step> 
	</teststeps>
</testcase>