<?xml version="1.0" encoding="UTF-8"?>

<beans xmlns="http://www.springframework.org/schema/beans"
	xmlns:xsi="http://www.w3.org/2001/XMLSchema-instance"
	xsi:schemaLocation="http://www.springframework.org/schema/beans
    http://www.springframework.org/schema/beans/spring-beans-3.0.xsd">

	<bean id="htmlReporter" class="com.hcl.erc.pts.framework.util.HtmlReporter"></bean>

	<bean id="propertyDAO" class="com.hcl.erc.pts.framework.dao.PropertyDAO"></bean>

	<bean id="keywords" class="com.hcl.erc.pts.framework.test.testdriver.Keywords"></bean>

	<bean id="testExecutionEngine"
		class="com.hcl.erc.pts.framework.test.testdriver.TestExecutionEngine">
		<constructor-arg name="keywordsClass" value="com.hcl.erc.pts.framework.test.testdriver.UserDefinedKeywords"></constructor-arg>
		<property name="genericKeywords" ref="keywords"></property>
		<property name="iCONFIG" ref="propertyDAO"></property>
		<property name="iReport" ref="htmlReporter"></property>
	</bean>
</beans>